Store ID,Mlp MAE,Mlp MSE,Mlp R2,Sisq MAE,Sisq MSE,Sisq R2,RelMAE Mlp/Sisq
10.0,0.28940954167267585,0.5780323083171192,0.893968624604778,0.20694444444444443,0.5283622494715786,0.9114081585054473,1.3984890604317224
