Store ID,Mlp MAE,Mlp MSE,Mlp R2,Sisq MAE,Sisq MSE,Sisq R2,RelMAE Mlp/Sisq
10.0,7.191664359493772,14.805381142717856,0.9424566155112001,9.213888888888889,17.368394027978265,0.9208090516337591,0.7805243199932945
