,store 6,store 7
MAE,7.983291476832785,11.009876683472685
R2,0.8494602339897913,0.8400290419339411
RMSE,10.417781699261855,13.81613264531063
MAPE,0.14720428316156978,0.1331112631156481
MedAE,6.3330436114279065,9.7049521412851
