Store ID,N Hours,N Hours Agg,N Hours Train,N Hours Test,RAW MAE,ROUND MAE,FLOOR MAE,CEIL MAE
10.0,4237.0,8749.0,8029.0,720.0,0.20840831757863368,0.17222222222222222,0.3194444444444444,0.2152777777777778
